date,home_team,away_team,home_score,away_score
2015-07-24,MSV Duisburg,1. FC Kaiserslautern,1,3
2015-07-25,SpVgg Greuther Fürth,Karlsruher SC,1,0
2015-07-25,FC St. Pauli,DSC Arminia Bielefeld,0,0
2015-07-25,FSV Frankfurt,RB Leipzig,0,1
2015-07-26,SC Paderborn 07,VfL Bochum,0,1
2015-07-26,Eintracht Braunschweig,SV Sandhausen,1,3
2015-07-26,1. FC Union Berlin,Fortuna Düsseldorf,1,1
2015-07-26,1. FC Heidenheim 1846,TSV 1860 München,1,0
2015-07-27,SC Freiburg,1. FC Nürnberg,6,3
2015-07-31,1. FC Nürnberg,1. FC Heidenheim 1846,3,2
2015-07-31,DSC Arminia Bielefeld,FSV Frankfurt,0,0
2015-07-31,1. FC Kaiserslautern,Eintracht Braunschweig,0,0
2015-08-01,VfL Bochum,MSV Duisburg,3,0
2015-08-01,TSV 1860 München,SC Freiburg,0,1
2015-08-02,Fortuna Düsseldorf,SC Paderborn 07,1,2
2015-08-02,Karlsruher SC,FC St. Pauli,1,2
2015-08-02,SV Sandhausen,1. FC Union Berlin,4,3
2015-08-03,RB Leipzig,SpVgg Greuther Fürth,2,2
2015-08-14,SC Paderborn 07,SV Sandhausen,0,6
2015-08-14,1. FC Heidenheim 1846,Fortuna Düsseldorf,1,0
2015-08-14,FSV Frankfurt,Karlsruher SC,1,2
2015-08-15,SC Freiburg,VfL Bochum,1,3
2015-08-15,Eintracht Braunschweig,RB Leipzig,0,2
2015-08-16,1. FC Union Berlin,1. FC Kaiserslautern,2,2
2015-08-16,FC St. Pauli,SpVgg Greuther Fürth,3,2
2015-08-16,MSV Duisburg,DSC Arminia Bielefeld,2,2
2015-08-17,1. FC Nürnberg,TSV 1860 München,2,2
2015-08-21,SpVgg Greuther Fürth,FSV Frankfurt,0,2
2015-08-21,SV Sandhausen,1. FC Heidenheim 1846,0,0
2015-08-21,DSC Arminia Bielefeld,Eintracht Braunschweig,0,2
2015-08-22,Karlsruher SC,MSV Duisburg,2,0
2015-08-22,Fortuna Düsseldorf,SC Freiburg,1,2
2015-08-23,RB Leipzig,FC St. Pauli,0,1
2015-08-23,VfL Bochum,1. FC Nürnberg,2,1
2015-08-23,TSV 1860 München,1. FC Union Berlin,0,0
2015-08-24,1. FC Kaiserslautern,SC Paderborn 07,1,0
2015-08-28,SC Freiburg,SV Sandhausen,4,1
2015-08-28,1. FC Union Berlin,RB Leipzig,1,1
2015-08-28,1. FC Heidenheim 1846,1. FC Kaiserslautern,3,1
2015-08-29,SC Paderborn 07,DSC Arminia Bielefeld,1,2
2015-08-29,MSV Duisburg,SpVgg Greuther Fürth,2,2
2015-08-30,Eintracht Braunschweig,Karlsruher SC,6,0
2015-08-30,1. FC Nürnberg,Fortuna Düsseldorf,1,0
2015-08-30,FSV Frankfurt,FC St. Pauli,1,0
2015-08-31,VfL Bochum,TSV 1860 München,1,0
2015-09-11,1. FC Kaiserslautern,SC Freiburg,0,2
2015-09-11,RB Leipzig,SC Paderborn 07,2,0
2015-09-11,SV Sandhausen,VfL Bochum,1,1
2015-09-12,Karlsruher SC,1. FC Union Berlin,0,3
2015-09-12,DSC Arminia Bielefeld,1. FC Heidenheim 1846,0,0
2015-09-13,Fortuna Düsseldorf,TSV 1860 München,3,0
2015-09-13,SpVgg Greuther Fürth,1. FC Nürnberg,3,2
2015-09-13,FSV Frankfurt,Eintracht Braunschweig,0,3
2015-09-14,FC St. Pauli,MSV Duisburg,2,0
2015-09-18,SC Freiburg,DSC Arminia Bielefeld,2,2
2015-09-18,VfL Bochum,Fortuna Düsseldorf,1,1
2015-09-18,1. FC Heidenheim 1846,RB Leipzig,1,1
2015-09-19,SC Paderborn 07,Karlsruher SC,2,0
2015-09-19,1. FC Nürnberg,SV Sandhausen,2,0
2015-09-19,TSV 1860 München,1. FC Kaiserslautern,1,1
2015-09-20,Eintracht Braunschweig,FC St. Pauli,0,0
2015-09-20,1. FC Union Berlin,SpVgg Greuther Fürth,1,2
2015-09-20,MSV Duisburg,FSV Frankfurt,0,1
2015-09-22,Karlsruher SC,Fortuna Düsseldorf,1,1
2015-09-22,1. FC Kaiserslautern,1. FC Nürnberg,0,3
2015-09-22,SV Sandhausen,TSV 1860 München,1,1
2015-09-22,DSC Arminia Bielefeld,VfL Bochum,1,1
2015-09-23,SpVgg Greuther Fürth,SC Paderborn 07,3,0
2015-09-23,FC St. Pauli,1. FC Heidenheim 1846,1,0
2015-09-23,FSV Frankfurt,1. FC Union Berlin,3,2
2015-09-23,MSV Duisburg,Eintracht Braunschweig,0,5
2015-09-24,RB Leipzig,SC Freiburg,1,1
2015-09-25,1. FC Nürnberg,DSC Arminia Bielefeld,2,2
2015-09-25,Fortuna Düsseldorf,SV Sandhausen,0,1
2015-09-25,VfL Bochum,1. FC Kaiserslautern,1,2
2015-09-26,SC Paderborn 07,FC St. Pauli,0,0
2015-09-26,1. FC Union Berlin,MSV Duisburg,3,2
2015-09-27,SC Freiburg,FSV Frankfurt,2,0
2015-09-27,TSV 1860 München,RB Leipzig,2,2
2015-09-27,1. FC Heidenheim 1846,Karlsruher SC,1,1
2015-09-28,Eintracht Braunschweig,SpVgg Greuther Fürth,0,1
2015-10-02,1. FC Kaiserslautern,Fortuna Düsseldorf,3,0
2015-10-02,FSV Frankfurt,1. FC Heidenheim 1846,0,4
2015-10-02,DSC Arminia Bielefeld,TSV 1860 München,1,1
2015-10-03,SpVgg Greuther Fürth,VfL Bochum,0,5
2015-10-03,FC St. Pauli,SV Sandhausen,1,3
2015-10-04,Karlsruher SC,SC Freiburg,1,1
2015-10-04,RB Leipzig,1. FC Nürnberg,3,2
2015-10-04,Eintracht Braunschweig,1. FC Union Berlin,2,1
2015-10-05,MSV Duisburg,SC Paderborn 07,1,0
2015-10-16,SC Paderborn 07,Eintracht Braunschweig,2,0
2015-10-16,Fortuna Düsseldorf,DSC Arminia Bielefeld,1,0
2015-10-16,SV Sandhausen,1. FC Kaiserslautern,1,0
2015-10-17,1. FC Nürnberg,FSV Frankfurt,1,1
2015-10-17,1. FC Union Berlin,FC St. Pauli,3,3
2015-10-18,SC Freiburg,SpVgg Greuther Fürth,5,2
2015-10-18,VfL Bochum,RB Leipzig,0,1
2015-10-18,1. FC Heidenheim 1846,MSV Duisburg,1,0
2015-10-19,TSV 1860 München,Karlsruher SC,0,1
2015-10-23,RB Leipzig,Fortuna Düsseldorf,2,1
2015-10-23,SpVgg Greuther Fürth,TSV 1860 München,1,0
2015-10-23,FSV Frankfurt,VfL Bochum,3,2
2015-10-24,Karlsruher SC,1. FC Kaiserslautern,2,0
2015-10-24,1. FC Union Berlin,SC Paderborn 07,0,2
2015-10-24,MSV Duisburg,1. FC Nürnberg,0,0
2015-10-25,Eintracht Braunschweig,1. FC Heidenheim 1846,1,0
2015-10-25,FC St. Pauli,SC Freiburg,1,0
2015-10-25,DSC Arminia Bielefeld,SV Sandhausen,0,0
2015-10-30,1. FC Kaiserslautern,DSC Arminia Bielefeld,0,2
2015-10-30,Fortuna Düsseldorf,SpVgg Greuther Fürth,1,0
2015-10-30,VfL Bochum,FC St. Pauli,1,1
2015-10-31,1. FC Heidenheim 1846,1. FC Union Berlin,0,2
2015-10-31,SC Paderborn 07,FSV Frankfurt,1,1
2015-11-01,SV Sandhausen,RB Leipzig,1,2
2015-11-01,SC Freiburg,Eintracht Braunschweig,2,2
2015-11-01,TSV 1860 München,MSV Duisburg,1,0
2015-11-02,1. FC Nürnberg,Karlsruher SC,0,0
2015-11-06,FSV Frankfurt,SV Sandhausen,0,1
2015-11-06,Karlsruher SC,VfL Bochum,3,0
2015-11-06,SpVgg Greuther Fürth,DSC Arminia Bielefeld,0,0
2015-11-07,1. FC Union Berlin,1. FC Nürnberg,3,3
2015-11-07,MSV Duisburg,SC Freiburg,1,1
2015-11-08,Eintracht Braunschweig,TSV 1860 München,0,0
2015-11-08,RB Leipzig,1. FC Kaiserslautern,0,2
2015-11-08,SC Paderborn 07,1. FC Heidenheim 1846,1,1
2015-11-09,FC St. Pauli,Fortuna Düsseldorf,4,0
2015-11-20,Fortuna Düsseldorf,MSV Duisburg,1,1
2015-11-20,SV Sandhausen,Karlsruher SC,3,1
2015-11-20,VfL Bochum,1. FC Union Berlin,1,1
2015-11-21,DSC Arminia Bielefeld,RB Leipzig,0,1
2015-11-21,TSV 1860 München,FC St. Pauli,2,0
2015-11-22,1. FC Heidenheim 1846,SpVgg Greuther Fürth,1,2
2015-11-22,1. FC Kaiserslautern,FSV Frankfurt,1,1
2015-11-22,SC Freiburg,SC Paderborn 07,4,1
2015-11-23,1. FC Nürnberg,Eintracht Braunschweig,2,1
2015-11-27,1. FC Heidenheim 1846,SC Freiburg,1,2
2015-11-27,Eintracht Braunschweig,VfL Bochum,1,0
2015-11-27,SpVgg Greuther Fürth,1. FC Kaiserslautern,2,4
2015-11-28,1. FC Union Berlin,DSC Arminia Bielefeld,1,1
2015-11-28,SC Paderborn 07,TSV 1860 München,4,4
2015-11-29,FC St. Pauli,1. FC Nürnberg,0,4
2015-11-29,FSV Frankfurt,Fortuna Düsseldorf,1,2
2015-11-29,MSV Duisburg,SV Sandhausen,3,0
2015-11-30,Karlsruher SC,RB Leipzig,0,1
2015-12-04,1. FC Nürnberg,SC Paderborn 07,2,1
2015-12-04,SV Sandhausen,SpVgg Greuther Fürth,1,1
2015-12-04,TSV 1860 München,FSV Frankfurt,0,1
2015-12-05,DSC Arminia Bielefeld,Karlsruher SC,2,1
2015-12-05,SC Freiburg,1. FC Union Berlin,3,0
2015-12-06,1. FC Kaiserslautern,FC St. Pauli,1,2
2015-12-06,RB Leipzig,MSV Duisburg,4,2
2015-12-06,VfL Bochum,1. FC Heidenheim 1846,1,1
2015-12-07,Fortuna Düsseldorf,Eintracht Braunschweig,1,0
2015-12-11,SV Sandhausen,Eintracht Braunschweig,0,2
2015-12-11,TSV 1860 München,1. FC Heidenheim 1846,1,3
2015-12-11,VfL Bochum,SC Paderborn 07,4,0
2015-12-12,Fortuna Düsseldorf,1. FC Union Berlin,0,3
2015-12-12,Karlsruher SC,SpVgg Greuther Fürth,1,0
2015-12-13,1. FC Kaiserslautern,MSV Duisburg,2,0
2015-12-13,1. FC Nürnberg,SC Freiburg,2,1
2015-12-13,RB Leipzig,FSV Frankfurt,3,1
2015-12-14,DSC Arminia Bielefeld,FC St. Pauli,0,0
2015-12-18,1. FC Union Berlin,SV Sandhausen,1,0
2015-12-18,FC St. Pauli,Karlsruher SC,1,2
2015-12-18,FSV Frankfurt,DSC Arminia Bielefeld,1,2
2015-12-19,1. FC Heidenheim 1846,1. FC Nürnberg,0,3
2015-12-19,SpVgg Greuther Fürth,RB Leipzig,1,2
2015-12-20,Eintracht Braunschweig,1. FC Kaiserslautern,1,1
2015-12-20,MSV Duisburg,VfL Bochum,0,0
2015-12-20,SC Freiburg,TSV 1860 München,3,0
2015-12-21,SC Paderborn 07,Fortuna Düsseldorf,0,0
2016-02-05,1. FC Kaiserslautern,1. FC Union Berlin,2,2
2016-02-05,SV Sandhausen,SC Paderborn 07,1,0
2016-02-05,VfL Bochum,SC Freiburg,2,0
2016-02-06,Fortuna Düsseldorf,1. FC Heidenheim 1846,0,1
2016-02-06,TSV 1860 München,1. FC Nürnberg,0,1
2016-02-07,Karlsruher SC,FSV Frankfurt,1,1
2016-02-07,RB Leipzig,Eintracht Braunschweig,2,0
2016-02-07,SpVgg Greuther Fürth,FC St. Pauli,0,2
2016-02-08,DSC Arminia Bielefeld,MSV Duisburg,2,1
2016-02-12,FC St. Pauli,RB Leipzig,1,0
2016-02-12,FSV Frankfurt,SpVgg Greuther Fürth,1,2
2016-02-12,SC Paderborn 07,1. FC Kaiserslautern,0,4
2016-02-13,1. FC Heidenheim 1846,SV Sandhausen,1,1
2016-02-13,MSV Duisburg,Karlsruher SC,0,1
2016-02-14,1. FC Union Berlin,TSV 1860 München,3,0
2016-02-14,Eintracht Braunschweig,DSC Arminia Bielefeld,1,0
2016-02-14,SC Freiburg,Fortuna Düsseldorf,1,2
2016-02-15,1. FC Nürnberg,VfL Bochum,1,1
2016-02-19,FC St. Pauli,FSV Frankfurt,1,3
2016-02-19,RB Leipzig,1. FC Union Berlin,3,0
2016-02-19,SpVgg Greuther Fürth,MSV Duisburg,1,1
2016-02-20,1. FC Kaiserslautern,1. FC Heidenheim 1846,2,2
2016-02-20,Karlsruher SC,Eintracht Braunschweig,2,2
2016-02-21,DSC Arminia Bielefeld,SC Paderborn 07,1,1
2016-02-21,SV Sandhausen,SC Freiburg,0,2
2016-02-21,TSV 1860 München,VfL Bochum,1,1
2016-02-22,Fortuna Düsseldorf,1. FC Nürnberg,1,1
2016-02-26,1. FC Nürnberg,SpVgg Greuther Fürth,2,1
2016-02-26,1. FC Union Berlin,Karlsruher SC,2,1
2016-02-26,SC Paderborn 07,RB Leipzig,0,1
2016-02-27,SC Freiburg,1. FC Kaiserslautern,2,0
2016-02-27,TSV 1860 München,Fortuna Düsseldorf,3,2
2016-02-27,VfL Bochum,SV Sandhausen,3,2
2016-02-28,1. FC Heidenheim 1846,DSC Arminia Bielefeld,3,2
2016-02-28,Eintracht Braunschweig,FSV Frankfurt,0,0
2016-02-28,MSV Duisburg,FC St. Pauli,0,2
2016-03-01,1. FC Kaiserslautern,TSV 1860 München,0,1
2016-03-01,Fortuna Düsseldorf,VfL Bochum,1,3
2016-03-01,Karlsruher SC,SC Paderborn 07,0,0
2016-03-01,SV Sandhausen,1. FC Nürnberg,0,2
2016-03-01,SpVgg Greuther Fürth,1. FC Union Berlin,2,0
2016-03-02,DSC Arminia Bielefeld,SC Freiburg,1,4
2016-03-02,FSV Frankfurt,MSV Duisburg,3,3
2016-03-02,RB Leipzig,1. FC Heidenheim 1846,3,1
2016-03-03,FC St. Pauli,Eintracht Braunschweig,1,0
2016-03-04,Fortuna Düsseldorf,Karlsruher SC,0,1
2016-03-04,TSV 1860 München,SV Sandhausen,3,2
2016-03-04,1. FC Nürnberg,1. FC Kaiserslautern,2,1
2016-03-05,SC Paderborn 07,SpVgg Greuther Fürth,1,1
2016-03-05,1. FC Union Berlin,FSV Frankfurt,4,0
2016-03-06,Eintracht Braunschweig,MSV Duisburg,1,1
2016-03-06,VfL Bochum,DSC Arminia Bielefeld,2,2
2016-03-06,1. FC Heidenheim 1846,FC St. Pauli,2,0
2016-03-07,SC Freiburg,RB Leipzig,2,1
2016-03-11,SpVgg Greuther Fürth,Eintracht Braunschweig,3,0
2016-03-11,FC St. Pauli,SC Paderborn 07,3,4
2016-03-11,DSC Arminia Bielefeld,1. FC Nürnberg,0,4
2016-03-12,SV Sandhausen,Fortuna Düsseldorf,1,0
2016-03-12,MSV Duisburg,1. FC Union Berlin,2,1
2016-03-13,Karlsruher SC,1. FC Heidenheim 1846,0,0
2016-03-13,RB Leipzig,TSV 1860 München,2,1
2016-03-13,FSV Frankfurt,SC Freiburg,1,3
2016-03-14,1. FC Kaiserslautern,VfL Bochum,0,2
2016-03-18,SC Paderborn 07,MSV Duisburg,0,0
2016-03-18,1. FC Union Berlin,Eintracht Braunschweig,3,1
2016-03-18,1. FC Heidenheim 1846,FSV Frankfurt,2,2
2016-03-19,Fortuna Düsseldorf,1. FC Kaiserslautern,4,3
2016-03-19,SV Sandhausen,FC St. Pauli,0,2
2016-03-20,1. FC Nürnberg,RB Leipzig,3,1
2016-03-20,VfL Bochum,SpVgg Greuther Fürth,2,2
2016-03-20,TSV 1860 München,DSC Arminia Bielefeld,1,1
2016-03-21,SC Freiburg,Karlsruher SC,1,0
2016-04-01,Eintracht Braunschweig,SC Paderborn 07,2,1
2016-04-01,FC St. Pauli,1. FC Union Berlin,0,0
2016-04-01,MSV Duisburg,1. FC Heidenheim 1846,0,2
2016-04-02,RB Leipzig,VfL Bochum,3,1
2016-04-02,DSC Arminia Bielefeld,Fortuna Düsseldorf,0,0
2016-04-03,Karlsruher SC,TSV 1860 München,3,1
2016-04-03,1. FC Kaiserslautern,SV Sandhausen,2,0
2016-04-03,FSV Frankfurt,1. FC Nürnberg,0,3
2016-04-04,SpVgg Greuther Fürth,SC Freiburg,2,3
2016-04-08,1. FC Heidenheim 1846,Eintracht Braunschweig,2,2
2016-04-08,SC Paderborn 07,1. FC Union Berlin,0,4
2016-04-08,TSV 1860 München,SpVgg Greuther Fürth,0,1
2016-04-09,SV Sandhausen,DSC Arminia Bielefeld,1,4
2016-04-09,VfL Bochum,FSV Frankfurt,4,1
2016-04-10,1. FC Kaiserslautern,Karlsruher SC,0,0
2016-04-10,1. FC Nürnberg,MSV Duisburg,1,2
2016-04-10,SC Freiburg,FC St. Pauli,4,3
2016-04-11,Fortuna Düsseldorf,RB Leipzig,1,3
2016-04-15,FSV Frankfurt,SC Paderborn 07,0,2
2016-04-15,MSV Duisburg,TSV 1860 München,2,1
2016-04-15,RB Leipzig,SV Sandhausen,0,1
2016-04-16,FC St. Pauli,VfL Bochum,2,0
2016-04-16,Karlsruher SC,1. FC Nürnberg,2,1
2016-04-17,1. FC Union Berlin,1. FC Heidenheim 1846,1,0
2016-04-17,DSC Arminia Bielefeld,1. FC Kaiserslautern,0,1
2016-04-17,SpVgg Greuther Fürth,Fortuna Düsseldorf,3,1
2016-04-18,Eintracht Braunschweig,SC Freiburg,2,2
2016-04-22,Fortuna Düsseldorf,FC St. Pauli,1,1
2016-04-22,SC Freiburg,MSV Duisburg,3,0
2016-04-22,VfL Bochum,Karlsruher SC,1,1
2016-04-23,1. FC Heidenheim 1846,SC Paderborn 07,1,1
2016-04-23,1. FC Nürnberg,1. FC Union Berlin,6,2
2016-04-24,DSC Arminia Bielefeld,SpVgg Greuther Fürth,4,2
2016-04-24,SV Sandhausen,FSV Frankfurt,1,0
2016-04-24,TSV 1860 München,Eintracht Braunschweig,1,0
2016-04-25,1. FC Kaiserslautern,RB Leipzig,1,1
2016-04-29,1. FC Union Berlin,VfL Bochum,1,0
2016-04-29,FC St. Pauli,TSV 1860 München,0,2
2016-04-29,FSV Frankfurt,1. FC Kaiserslautern,1,4
2016-04-29,MSV Duisburg,Fortuna Düsseldorf,2,1
2016-04-29,RB Leipzig,DSC Arminia Bielefeld,1,1
2016-04-29,SC Paderborn 07,SC Freiburg,1,2
2016-04-30,Eintracht Braunschweig,1. FC Nürnberg,3,1
2016-04-30,SpVgg Greuther Fürth,1. FC Heidenheim 1846,0,2
2016-05-02,Karlsruher SC,SV Sandhausen,3,0
2016-05-08,DSC Arminia Bielefeld,1. FC Union Berlin,2,0
2016-05-08,Fortuna Düsseldorf,FSV Frankfurt,1,0
2016-05-08,RB Leipzig,Karlsruher SC,2,0
2016-05-08,SV Sandhausen,MSV Duisburg,2,2
2016-05-08,SC Freiburg,1. FC Heidenheim 1846,2,0
2016-05-08,TSV 1860 München,SC Paderborn 07,1,0
2016-05-08,VfL Bochum,Eintracht Braunschweig,2,3
2016-05-08,1. FC Kaiserslautern,SpVgg Greuther Fürth,3,1
2016-05-08,1. FC Nürnberg,FC St. Pauli,1,0
2016-05-15,1. FC Heidenheim 1846,VfL Bochum,2,4
2016-05-15,1. FC Union Berlin,SC Freiburg,2,1
2016-05-15,Eintracht Braunschweig,Fortuna Düsseldorf,0,2
2016-05-15,FC St. Pauli,1. FC Kaiserslautern,5,2
2016-05-15,FSV Frankfurt,TSV 1860 München,2,1
2016-05-15,Karlsruher SC,DSC Arminia Bielefeld,1,1
2016-05-15,MSV Duisburg,RB Leipzig,1,0
2016-05-15,SC Paderborn 07,1. FC Nürnberg,0,1
2016-05-15,SpVgg Greuther Fürth,SV Sandhausen,3,1
