season_start_year,team,market_value
2011,1. FC Kaiserslautern,42600000
2011,1. FC Köln,60180000
2011,1. FC Nürnberg,52100000
2011,1. FSV Mainz 05,52000000
2011,Alemannia Aachen,13400000
2011,Augsburg,38350000
2011,Bayer Leverkusen,134850000
2011,Bayern Munich,356000000
2011,Borussia Dortmund,215950000
2011,Borussia Mönchengladbach,88300000
2011,Dynamo Dresden,15280000
2011,Eintracht Braunschweig,13580000
2011,Eintracht Frankfurt,43530000
2011,FC Energie Cottbus,19530000
2011,FC Erzgebirge Aue,13000000
2011,FC Ingolstadt 04,13450000
2011,FC St. Pauli,21500000
2011,FSV Frankfurt,13230000
2011,Fortuna Düsseldorf,23600000
2011,Greuther Fürth,26150000
2011,Hamburger SV,85900000
2011,Hannover 96,76800000
2011,Hansa Rostock,9850000
2011,Hertha Berlin,45600000
2011,Karlsruher SC,14250000
2011,MSV Duisburg,15450000
2011,SC Freiburg,69430000
2011,SC Paderborn,15250000
2011,Schalke 04,155230000
2011,TSG Hoffenheim,88650000
2011,Union Berlin,13130000
2011,VfB Stuttgart,118000000
2011,VfL Bochum,19500000
2011,Werder Bremen,111950000
2011,Wolfsburg,125800000
2012,1. FC Kaiserslautern,35300000
2012,1. FC Köln,24350000
2012,1. FC Nürnberg,46830000
2012,1. FSV Mainz 05,52430000
2012,Augsburg,38450000
2012,Bayer Leverkusen,155300000
2012,Bayern Munich,462400000
2012,Borussia Dortmund,302300000
2012,Borussia Mönchengladbach,87330000
2012,Dynamo Dresden,14380000
2012,Eintracht Braunschweig,19650000
2012,Eintracht Frankfurt,68400000
2012,FC Energie Cottbus,15100000
2012,FC Erzgebirge Aue,13500000
2012,FC Ingolstadt 04,14430000
2012,FC St. Pauli,22650000
2012,FSV Frankfurt,14500000
2012,Fortuna Düsseldorf,31150000
2012,Greuther Fürth,33330000
2012,Hamburger SV,104950000
2012,Hannover 96,83150000
2012,Hertha Berlin,37680000
2012,Jahn Regensburg,9730000
2012,MSV Duisburg,16900000
2012,SC Freiburg,65800000
2012,SC Paderborn,13100000
2012,SV Sandhausen,9700000
2012,Schalke 04,183550000
2012,TSG Hoffenheim,78250000
2012,Union Berlin,15300000
2012,VfB Stuttgart,93130000
2012,VfL Bochum,18480000
2012,VfR Aalen,11700000
2012,Werder Bremen,78000000
2012,Wolfsburg,109000000
2013,1. FC Kaiserslautern,25500000
2013,1. FC Köln,30250000
2013,1. FC Nürnberg,56450000
2013,1. FSV Mainz 05,59450000
2013,Arminia Bielefeld,11180000
2013,Augsburg,45950000
2013,Bayer Leverkusen,175880000
2013,Bayern Munich,556880000
2013,Borussia Dortmund,326050000
2013,Borussia Mönchengladbach,111380000
2013,Dynamo Dresden,10080000
2013,Eintracht Braunschweig,28580000
2013,Eintracht Frankfurt,86200000
2013,FC Energie Cottbus,10530000
2013,FC Erzgebirge Aue,12980000
2013,FC Ingolstadt 04,14730000
2013,FC St. Pauli,16000000
2013,FSV Frankfurt,13000000
2013,Fortuna Düsseldorf,24330000
2013,Greuther Fürth,21850000
2013,Hamburger SV,102780000
2013,Hannover 96,80230000
2013,Hertha Berlin,68080000
2013,Karlsruher SC,13400000
2013,SC Freiburg,71680000
2013,SC Paderborn,18350000
2013,SV Sandhausen,11280000
2013,Schalke 04,203250000
2013,TSG Hoffenheim,97400000
2013,Union Berlin,13830000
2013,VfB Stuttgart,108300000
2013,VfL Bochum,12980000
2013,VfR Aalen,10550000
2013,Werder Bremen,66400000
2013,Wolfsburg,155230000
2014,1. FC Heidenheim,11300000
2014,1. FC Kaiserslautern,25050000
2014,1. FC Köln,50750000
2014,1. FC Nürnberg,24650000
2014,1. FSV Mainz 05,88000000
2014,Augsburg,50080000
2014,Bayer Leverkusen,177100000
2014,Bayern Munich,575130000
2014,Borussia Dortmund,319500000
2014,Borussia Mönchengladbach,130630000
2014,Eintracht Braunschweig,20030000
2014,Eintracht Frankfurt,74900000
2014,FC Erzgebirge Aue,13150000
2014,FC Ingolstadt 04,19230000
2014,FC St. Pauli,18830000
2014,FSV Frankfurt,12500000
2014,Fortuna Düsseldorf,21580000
2014,Greuther Fürth,26880000
2014,Hamburger SV,87150000
2014,Hannover 96,76650000
2014,Hertha Berlin,66000000
2014,Karlsruher SC,17250000
2014,RB Leipzig,32650000
2014,SC Freiburg,57400000
2014,SC Paderborn,28500000
2014,SV Darmstadt 98,12850000
2014,SV Sandhausen,12400000
2014,Schalke 04,212000000
2014,TSG Hoffenheim,121780000
2014,Union Berlin,15400000
2014,VfB Stuttgart,86950000
2014,VfL Bochum,14900000
2014,VfR Aalen,12700000
2014,Werder Bremen,67530000
2014,Wolfsburg,221050000
2015,1. FC Heidenheim,13650000
2015,1. FC Kaiserslautern,19050000
2015,1. FC Köln,68630000
2015,1. FC Nürnberg,27800000
2015,1. FSV Mainz 05,85150000
2015,Arminia Bielefeld,13180000
2015,Augsburg,75830000
2015,Bayer Leverkusen,241300000
2015,Bayern Munich,596050000
2015,Borussia Dortmund,352950000
2015,Borussia Mönchengladbach,186150000
2015,Eintracht Braunschweig,19180000
2015,Eintracht Frankfurt,76600000
2015,FC Ingolstadt 04,35650000
2015,FC St. Pauli,21450000
2015,FSV Frankfurt,14450000
2015,Fortuna Düsseldorf,18300000
2015,Greuther Fürth,16000000
2015,Hamburger SV,63200000
2015,Hannover 96,60830000
2015,Hertha Berlin,78930000
2015,Karlsruher SC,20530000
2015,MSV Duisburg,11480000
2015,RB Leipzig,41050000
2015,SC Freiburg,32800000
2015,SC Paderborn,17950000
2015,SV Darmstadt 98,25150000
2015,SV Sandhausen,12900000
2015,Schalke 04,225200000
2015,TSG Hoffenheim,90200000
2015,Union Berlin,18700000
2015,VfB Stuttgart,81180000
2015,VfL Bochum,15800000
2015,Werder Bremen,64680000
2015,Wolfsburg,270430000
2016,1. FC Heidenheim,14930000
2016,1. FC Kaiserslautern,21000000
2016,1. FC Köln,116150000
2016,1. FC Nürnberg,26480000
2016,1. FSV Mainz 05,96730000
2016,Arminia Bielefeld,14530000
2016,Augsburg,65850000
2016,Bayer Leverkusen,265030000
2016,Bayern Munich,562550000
2016,Borussia Dortmund,390650000
2016,Borussia Mönchengladbach,162180000
2016,Dynamo Dresden,15880000
2016,Eintracht Braunschweig,19950000
2016,Eintracht Frankfurt,72300000
2016,FC Erzgebirge Aue,11680000
2016,FC Ingolstadt 04,38630000
2016,FC St. Pauli,18050000
2016,Fortuna Düsseldorf,15230000
2016,Greuther Fürth,17650000
2016,Hamburger SV,80480000
2016,Hannover 96,39180000
2016,Hertha Berlin,96530000
2016,Karlsruher SC,13430000
2016,RB Leipzig,176330000
2016,SC Freiburg,86730000
2016,SV Darmstadt 98,25980000
2016,SV Sandhausen,12030000
2016,Schalke 04,217250000
2016,TSG Hoffenheim,138630000
2016,Union Berlin,21700000
2016,VfB Stuttgart,50900000
2016,VfL Bochum,16150000
2016,Werder Bremen,89450000
2016,Wolfsburg,203080000
2016,Würzburger Kickers,10180000
2017,1. FC Heidenheim,14480000
2017,1. FC Kaiserslautern,21630000
2017,1. FC Köln,91730000
2017,1. FC Nürnberg,33200000
2017,1. FSV Mainz 05,98350000
2017,Arminia Bielefeld,18000000
2017,Augsburg,100450000
2017,Bayer Leverkusen,357350000
2017,Bayern Munich,811850000
2017,Borussia Dortmund,574200000
2017,Borussia Mönchengladbach,193250000
2017,Dynamo Dresden,19250000
2017,Eintracht Braunschweig,18380000
2017,Eintracht Frankfurt,126150000
2017,FC Erzgebirge Aue,13280000
2017,FC Ingolstadt 04,34330000
2017,FC St. Pauli,17880000
2017,Fortuna Düsseldorf,37280000
2017,Greuther Fürth,16650000
2017,Hamburger SV,62400000
2017,Hannover 96,92950000
2017,Hertha Berlin,131450000
2017,Holstein Kiel,18150000
2017,Jahn Regensburg,12400000
2017,MSV Duisburg,13100000
2017,RB Leipzig,373300000
2017,SC Freiburg,100600000
2017,SV Darmstadt 98,17850000
2017,SV Sandhausen,16000000
2017,Schalke 04,274350000
2017,TSG Hoffenheim,212750000
2017,Union Berlin,23150000
2017,VfB Stuttgart,134700000
2017,VfL Bochum,20300000
2017,Werder Bremen,107150000
2017,Wolfsburg,143600000
2018,1. FC Heidenheim,20300000
2018,1. FC Köln,83500000
2018,1. FC Magdeburg,12650000
2018,1. FC Nürnberg,54400000
2018,1. FSV Mainz 05,159730000
2018,Arminia Bielefeld,19200000
2018,Augsburg,139250000
2018,Bayer Leverkusen,429400000
2018,Bayern Munich,784880000
2018,Borussia Dortmund,643250000
2018,Borussia Mönchengladbach,264300000
2018,Dynamo Dresden,21000000
2018,Eintracht Frankfurt,313400000
2018,FC Erzgebirge Aue,14780000
2018,FC Ingolstadt 04,19950000
2018,FC St. Pauli,21650000
2018,Fortuna Düsseldorf,94950000
2018,Greuther Fürth,14830000
2018,Hamburger SV,86850000
2018,Hannover 96,91430000
2018,Hertha Berlin,207630000
2018,Holstein Kiel,24930000
2018,Jahn Regensburg,15750000
2018,MSV Duisburg,11980000
2018,RB Leipzig,479000000
2018,SC Freiburg,122100000
2018,SC Paderborn,25750000
2018,SV Darmstadt 98,18100000
2018,SV Sandhausen,15500000
2018,Schalke 04,221300000
2018,TSG Hoffenheim,336250000
2018,Union Berlin,30480000
2018,VfB Stuttgart,143750000
2018,VfL Bochum,19980000
2018,Werder Bremen,168050000
2018,Wolfsburg,229250000
2019,1. FC Heidenheim,19700000
2019,1. FC Köln,98480000
2019,1. FC Nürnberg,31800000
2019,1. FSV Mainz 05,121580000
2019,Arminia Bielefeld,20350000
2019,Augsburg,112950000
2019,Bayer Leverkusen,398950000
2019,Bayern Munich,777330000
2019,Borussia Dortmund,654050000
2019,Borussia Mönchengladbach,254700000
2019,Dynamo Dresden,18530000
2019,Eintracht Frankfurt,208980000
2019,FC Erzgebirge Aue,13680000
2019,FC St. Pauli,21980000
2019,Fortuna Düsseldorf,71780000
2019,Greuther Fürth,14030000
2019,Hamburger SV,49900000
2019,Hannover 96,38930000
2019,Hertha Berlin,217200000
2019,Holstein Kiel,18650000
2019,Jahn Regensburg,11830000
2019,Karlsruher SC,9880000
2019,RB Leipzig,570480000
2019,SC Freiburg,122650000
2019,SC Paderborn,28900000
2019,SV Darmstadt 98,13800000
2019,SV Sandhausen,13350000
2019,SV Wehen Wiesbaden,10450000
2019,Schalke 04,221580000
2019,TSG Hoffenheim,226050000
2019,Union Berlin,41200000
2019,VfB Stuttgart,70800000
2019,VfL Bochum,18080000
2019,VfL Osnabrück,12030000
2019,Werder Bremen,135130000
2019,Wolfsburg,207600000
2020,1. FC Heidenheim,20500000
2020,1. FC Köln,118200000
2020,1. FC Nürnberg,27380000
2020,1. FSV Mainz 05,163300000
2020,Arminia Bielefeld,56730000
2020,Augsburg,93050000
2020,Bayer Leverkusen,373250000
2020,Bayern Munich,858230000
2020,Borussia Dortmund,628400000
2020,Borussia Mönchengladbach,300750000
2020,Eintracht Braunschweig,10180000
2020,Eintracht Frankfurt,269150000
2020,FC Erzgebirge Aue,13830000
2020,FC St. Pauli,23230000
2020,Fortuna Düsseldorf,35930000
2020,Greuther Fürth,30530000
2020,Hamburger SV,35600000
2020,Hannover 96,24050000
2020,Hertha Berlin,228880000
2020,Holstein Kiel,21350000
2020,Jahn Regensburg,12980000
2020,Karlsruher SC,15400000
2020,RB Leipzig,574950000
2020,SC Freiburg,139100000
2020,SC Paderborn,22680000
2020,SV Darmstadt 98,17030000
2020,SV Sandhausen,14530000
2020,Schalke 04,123050000
2020,TSG Hoffenheim,228150000
2020,Union Berlin,82050000
2020,VfB Stuttgart,189250000
2020,VfL Bochum,33900000
2020,VfL Osnabrück,13150000
2020,Werder Bremen,111980000
2020,Wolfsburg,256830000
2020,Würzburger Kickers,11030000
2021,1. FC Heidenheim,18350000
2021,1. FC Köln,99280000
2021,1. FC Nürnberg,28830000
2021,1. FSV Mainz 05,131030000
2021,Arminia Bielefeld,65850000
2021,Augsburg,95300000
2021,Bayer Leverkusen,455050000
2021,Bayern Munich,790330000
2021,Borussia Dortmund,558980000
2021,Borussia Mönchengladbach,236800000
2021,Dynamo Dresden,14200000
2021,Eintracht Frankfurt,228750000
2021,FC Erzgebirge Aue,11000000
2021,FC Ingolstadt 04,13830000
2021,FC St. Pauli,25680000
2021,Fortuna Düsseldorf,27280000
2021,Greuther Fürth,36950000
2021,Hamburger SV,43730000
2021,Hannover 96,28600000
2021,Hansa Rostock,13500000
2021,Hertha Berlin,155780000
2021,Holstein Kiel,16850000
2021,Jahn Regensburg,16780000
2021,Karlsruher SC,17600000
2021,RB Leipzig,498950000
2021,SC Freiburg,176350000
2021,SC Paderborn,19900000
2021,SV Darmstadt 98,20330000
2021,SV Sandhausen,16980000
2021,Schalke 04,43830000
2021,TSG Hoffenheim,211430000
2021,Union Berlin,115900000
2021,VfB Stuttgart,174230000
2021,VfL Bochum,52250000
2021,Werder Bremen,62100000
2021,Wolfsburg,269300000
2022,1. FC Heidenheim,25200000
2022,1. FC Kaiserslautern,14580000
2022,1. FC Köln,115650000
2022,1. FC Magdeburg,17500000
2022,1. FC Nürnberg,28530000
2022,1. FSV Mainz 05,135900000
2022,Arminia Bielefeld,25000000
2022,Augsburg,132230000
2022,Bayer Leverkusen,452500000
2022,Bayern Munich,948950000
2022,Borussia Dortmund,567550000
2022,Borussia Mönchengladbach,241680000
2022,Eintracht Braunschweig,19230000
2022,Eintracht Frankfurt,324550000
2022,FC St. Pauli,25050000
2022,Fortuna Düsseldorf,29300000
2022,Greuther Fürth,23600000
2022,Hamburger SV,38780000
2022,Hannover 96,21780000
2022,Hansa Rostock,14300000
2022,Hertha Berlin,94000000
2022,Holstein Kiel,17880000
2022,Jahn Regensburg,14280000
2022,Karlsruher SC,22080000
2022,RB Leipzig,486400000
2022,SC Freiburg,200950000
2022,SC Paderborn,25880000
2022,SV Darmstadt 98,27880000
2022,SV Sandhausen,15430000
2022,Schalke 04,87780000
2022,TSG Hoffenheim,178800000
2022,Union Berlin,157950000
2022,VfB Stuttgart,151050000
2022,VfL Bochum,53700000
2022,Werder Bremen,89500000
2022,Wolfsburg,238300000
2023,1. FC Heidenheim,66450000
2023,1. FC Kaiserslautern,24430000
2023,1. FC Köln,81450000
2023,1. FC Magdeburg,18050000
2023,1. FC Nürnberg,40300000
2023,1. FSV Mainz 05,142880000
2023,Augsburg,140800000
2023,Bayer Leverkusen,658350000
2023,Bayern Munich,965150000
2023,Borussia Dortmund,494800000
2023,Borussia Mönchengladbach,165230000
2023,Eintracht Braunschweig,17630000
2023,Eintracht Frankfurt,326650000
2023,Elversberg,25280000
2023,FC St. Pauli,42080000
2023,Fortuna Düsseldorf,44900000
2023,Greuther Fürth,32630000
2023,Hamburger SV,42150000
2023,Hannover 96,35330000
2023,Hansa Rostock,14780000
2023,Hertha Berlin,62230000
2023,Holstein Kiel,38480000
2023,Karlsruher SC,23080000
2023,RB Leipzig,545400000
2023,SC Freiburg,180350000
2023,SC Paderborn,25500000
2023,SV Darmstadt 98,38700000
2023,SV Wehen Wiesbaden,16780000
2023,Schalke 04,37700000
2023,TSG Hoffenheim,176000000
2023,Union Berlin,160950000
2023,VfB Stuttgart,346630000
2023,VfL Bochum,64530000
2023,VfL Osnabrück,14100000
2023,Werder Bremen,134930000
2023,Wolfsburg,206450000
2024,1. FC Heidenheim,72530000
2024,1. FC Kaiserslautern,35600000
2024,1. FC Köln,77380000
2024,1. FC Magdeburg,30400000
2024,1. FC Nürnberg,80730000
2024,1. FSV Mainz 05,175130000
2024,Augsburg,158880000
2024,Bayer Leverkusen,623350000
2024,Bayern Munich,953550000
2024,Borussia Dortmund,508280000
2024,Borussia Mönchengladbach,187500000
2024,Eintracht Braunschweig,20130000
2024,Eintracht Frankfurt,431250000
2024,Elversberg,39450000
2024,FC St. Pauli,65780000
2024,Fortuna Düsseldorf,53530000
2024,Greuther Fürth,25750000
2024,Hamburger SV,64850000
2024,Hannover 96,33000000
2024,Hertha Berlin,57580000
2024,Holstein Kiel,47130000
2024,Jahn Regensburg,12680000
2024,Karlsruher SC,29630000
2024,Preußen Münster,13980000
2024,RB Leipzig,513700000
2024,SC Freiburg,186200000
2024,SC Paderborn,38950000
2024,SSV Ulm 1846,21900000
2024,SV Darmstadt 98,30550000
2024,Schalke 04,38150000
2024,TSG Hoffenheim,187100000
2024,Union Berlin,136050000
2024,VfB Stuttgart,365230000
2024,VfL Bochum,57100000
2024,Werder Bremen,132000000
2024,Wolfsburg,296300000
2025,1. FC Heidenheim,78750000
2025,1. FC Kaiserslautern,35630000
2025,1. FC Köln,156650000
2025,1. FC Magdeburg,34480000
2025,1. FC Nürnberg,85550000
2025,1. FSV Mainz 05,165350000
2025,Arminia Bielefeld,20630000
2025,Augsburg,180650000
2025,Bayer Leverkusen,548350000
2025,Bayern Munich,994400000
2025,Borussia Dortmund,520400000
2025,Borussia Mönchengladbach,171400000
2025,Dynamo Dresden,26230000
2025,Eintracht Braunschweig,26100000
2025,Eintracht Frankfurt,408950000
2025,Elversberg,47780000
2025,FC St. Pauli,65650000
2025,Fortuna Düsseldorf,37650000
2025,Greuther Fürth,29980000
2025,Hamburger SV,186050000
2025,Hannover 96,52430000
2025,Hertha Berlin,62280000
2025,Holstein Kiel,44350000
2025,Karlsruher SC,38780000
2025,Preußen Münster,18080000
2025,RB Leipzig,618700000
2025,SC Freiburg,264850000
2025,SC Paderborn,52700000
2025,SV Darmstadt 98,38330000
2025,Schalke 04,64500000
2025,TSG Hoffenheim,285800000
2025,Union Berlin,129850000
2025,VfB Stuttgart,464550000
2025,VfL Bochum,53580000
2025,Werder Bremen,177830000
2025,Wolfsburg,234100000
2026,1. FC Köln,156100000
2026,1. FSV Mainz 05,165200000
2026,Augsburg,172000000
2026,Bayer Leverkusen,480950000
2026,Bayern Munich,1040000000
2026,Borussia Dortmund,564450000
2026,Borussia Mönchengladbach,138550000
2026,Eintracht Frankfurt,288650000
2026,Elversberg,58050000
2026,Hamburger SV,152800000
2026,RB Leipzig,487950000
2026,SC Freiburg,211500000
2026,SC Paderborn,48380000
2026,Schalke 04,70930000
2026,TSG Hoffenheim,280950000
2026,Union Berlin,115780000
2026,VfB Stuttgart,379700000
2026,Werder Bremen,122080000
