team,fifa_name,rank,points,as_of
Spain,Spain,1,1875.37,2025-09-18
France,France,2,1870.92,2025-09-18
Argentina,Argentina,3,1870.32,2025-09-18
England,England,4,1820.44,2025-09-18
Portugal,Portugal,5,1779.55,2025-09-18
Brazil,Brazil,6,1761.6,2025-09-18
Netherlands,Netherlands,7,1754.17,2025-09-18
Belgium,Belgium,8,1739.54,2025-09-18
Croatia,Croatia,9,1714.2,2025-09-18
Italy,Italy,10,1710.06,2025-09-18
Morocco,Morocco,11,1706.27,2025-09-18
Germany,Germany,12,1704.27,2025-09-18
Colombia,Colombia,13,1692.1,2025-09-18
Mexico,Mexico,14,1688.38,2025-09-18
Uruguay,Uruguay,15,1673.65,2025-09-18
United States,USA,16,1670.04,2025-09-18
Switzerland,Switzerland,17,1648.3,2025-09-18
Senegal,Senegal,18,1645.23,2025-09-18
Japan,Japan,19,1640.47,2025-09-18
Denmark,Denmark,20,1627.64,2025-09-18
Iran,IR Iran,21,1622.61,2025-09-18
Austria,Austria,22,1601.86,2025-09-18
South Korea,Korea Republic,23,1593.19,2025-09-18
Ecuador,Ecuador,24,1588.04,2025-09-18
Australia,Australia,25,1583.49,2025-09-18
Canada,Canada,26,1558.04,2025-09-18
Turkey,Türkiye,27,1555.72,2025-09-18
Ukraine,Ukraine,28,1543.06,2025-09-18
Panama,Panama,29,1529.71,2025-09-18
Wales,Wales,30,1529.09,2025-09-18
Norway,Norway,31,1526.23,2025-09-18
Sweden,Sweden,32,1524.62,2025-09-18
Russia,Russia,33,1521.74,2025-09-18
Serbia,Serbia,34,1520.9,2025-09-18
Egypt,Egypt,35,1519.18,2025-09-18
Poland,Poland,36,1517.3,2025-09-18
Paraguay,Paraguay,37,1501.01,2025-09-18
Algeria,Algeria,38,1500.74,2025-09-18
Czech Republic,Czechia,39,1500.29,2025-09-18
Greece,Greece,40,1494.72,2025-09-18
Hungary,Hungary,41,1492.18,2025-09-18
Slovakia,Slovakia,42,1491.87,2025-09-18
Scotland,Scotland,43,1485.08,2025-09-18
Ivory Coast,Côte d'Ivoire,44,1483.9,2025-09-18
Nigeria,Nigeria,45,1483.86,2025-09-18
Tunisia,Tunisia,46,1483.02,2025-09-18
Costa Rica,Costa Rica,47,1481.13,2025-09-18
Peru,Peru,48,1469.31,2025-09-18
Venezuela,Venezuela,49,1465.02,2025-09-18
Slovenia,Slovenia,50,1462.96,2025-09-18
Romania,Romania,51,1462.85,2025-09-18
Cameroon,Cameroon,52,1455.42,2025-09-18
Qatar,Qatar,53,1453.65,2025-09-18
Uzbekistan,Uzbekistan,54,1453.31,2025-09-18
South Africa,South Africa,55,1448.67,2025-09-18
Mali,Mali,56,1445.83,2025-09-18
Chile,Chile,57,1441.66,2025-09-18
Iraq,Iraq,58,1422.2,2025-09-18
Saudi Arabia,Saudi Arabia,59,1420.65,2025-09-18
DR Congo,Congo DR,60,1407.6,2025-09-18
Republic of Ireland,Republic of Ireland,61,1397.52,2025-09-18
Jordan,Jordan,62,1391.33,2025-09-18
North Macedonia,North Macedonia,63,1388.5,2025-09-18
Burkina Faso,Burkina Faso,64,1385.37,2025-09-18
Honduras,Honduras,65,1383.98,2025-09-18
Albania,Albania,66,1380.66,2025-09-18
United Arab Emirates,United Arab Emirates,67,1379.86,2025-09-18
Georgia,Georgia,68,1377.32,2025-09-18
Jamaica,Jamaica,69,1377.22,2025-09-18
Cape Verde,Cabo Verde,70,1363.21,2025-09-18
Finland,Finland,71,1358.72,2025-09-18
Northern Ireland,Northern Ireland,72,1355.98,2025-09-18
Bosnia and Herzegovina,Bosnia and Herzegovina,73,1344.25,2025-09-18
Iceland,Iceland,74,1343.09,2025-09-18
Ghana,Ghana,75,1340.84,2025-09-18
Israel,Israel,76,1337.4,2025-09-18
Bolivia,Bolivia,77,1332.24,2025-09-18
Oman,Oman,78,1320.34,2025-09-18
Gabon,Gabon,79,1314.06,2025-09-18
Montenegro,Montenegro,80,1314.05,2025-09-18
Guinea,Guinea,81,1299.49,2025-09-18
Uganda,Uganda,82,1287.61,2025-09-18
New Zealand,New Zealand,83,1283.94,2025-09-18
Curacao,Curaçao,84,1282.42,2025-09-18
Zambia,Zambia,85,1273.0,2025-09-18
Bulgaria,Bulgaria,86,1271.52,2025-09-18
Haiti,Haiti,87,1269.24,2025-09-18
Bahrain,Bahrain,88,1268.73,2025-09-18
Angola,Angola,89,1268.72,2025-09-18
El Salvador,El Salvador,90,1267.75,2025-09-18
Kosovo,Kosovo,91,1262.1,2025-09-18
Syria,Syria,92,1259.32,2025-09-18
Benin,Benin,93,1257.3,2025-09-18
China,China PR,94,1249.06,2025-09-18
Equatorial Guinea,Equatorial Guinea,95,1248.68,2025-09-18
Luxembourg,Luxembourg,96,1242.61,2025-09-18
Mozambique,Mozambique,97,1234.04,2025-09-18
Guatemala,Guatemala,98,1230.73,2025-09-18
Palestine,Palestine,99,1230.55,2025-09-18
Belarus,Belarus,100,1223.54,2025-09-18
Thailand,Thailand,101,1222.2,2025-09-18
Trinidad and Tobago,Trinidad and Tobago,102,1220.99,2025-09-18
Armenia,Armenia,103,1219.55,2025-09-18
Tajikistan,Tajikistan,104,1206.15,2025-09-18
Comoros,Comoros,105,1201.83,2025-09-18
Kyrgyzstan,Kyrgyz Republic,106,1201.22,2025-09-18
Tanzania,Tanzania,107,1199.45,2025-09-18
Madagascar,Madagascar,108,1187.59,2025-09-18
Namibia,Namibia,109,1183.8,2025-09-18
Mauritania,Mauritania,110,1183.28,2025-09-18
Kenya,Kenya,111,1181.64,2025-09-18
Libya,Libya,112,1179.57,2025-09-18
Lebanon,Lebanon,113,1172.3,2025-09-18
Vietnam,Vietnam,114,1169.92,2025-09-18
Gambia,The Gambia,115,1165.93,2025-09-18
Sudan,Sudan,116,1163.56,2025-09-18
Niger,Niger,117,1160.33,2025-09-18
Kazakhstan,Kazakhstan,118,1158.06,2025-09-18
Indonesia,Indonesia,119,1157.94,2025-09-18
Togo,Togo,120,1151.08,2025-09-18
North Korea,Korea DPR,121,1151.05,2025-09-18
Sierra Leone,Sierra Leone,122,1150.1,2025-09-18
Malaysia,Malaysia,123,1148.23,2025-09-18
Azerbaijan,Azerbaijan,124,1148.09,2025-09-18
Zimbabwe,Zimbabwe,125,1133.75,2025-09-18
Malawi,Malawi,126,1133.6,2025-09-18
Rwanda,Rwanda,127,1133.5,2025-09-18
Cyprus,Cyprus,128,1128.1,2025-09-18
Estonia,Estonia,129,1127.2,2025-09-18
Guinea-Bissau,Guinea-Bissau,130,1126.81,2025-09-18
Suriname,Suriname,131,1125.21,2025-09-18
Nicaragua,Nicaragua,132,1120.78,2025-09-18
Congo,Congo,133,1119.77,2025-09-18
India,India,134,1113.8,2025-09-18
Kuwait,Kuwait,135,1100.38,2025-09-18
Faroe Islands,Faroe Islands,136,1094.46,2025-09-18
Latvia,Latvia,137,1088.8,2025-09-18
Turkmenistan,Turkmenistan,138,1087.96,2025-09-18
Botswana,Botswana,139,1087.27,2025-09-18
Central African Republic,Central African Republic,140,1081.36,2025-09-18
Burundi,Burundi,141,1077.05,2025-09-18
Dominican Republic,Dominican Republic,142,1074.46,2025-09-18
Philippines,Philippines,143,1066.35,2025-09-18
Liberia,Liberia,144,1065.62,2025-09-18
Lithuania,Lithuania,145,1065.34,2025-09-18
Hong Kong,"Hong Kong, China",146,1047.36,2025-09-18
Ethiopia,Ethiopia,147,1046.41,2025-09-18
Solomon Islands,Solomon Islands,148,1045.58,2025-09-18
St. Kitts and Nevis,St Kitts and Nevis,149,1041.53,2025-09-18
New Caledonia,New Caledonia,150,1039.55,2025-09-18
Guyana,Guyana,151,1037.34,2025-09-18
Fiji,Fiji,152,1035.11,2025-09-18
Lesotho,Lesotho,153,1034.1,2025-09-18
Yemen,Yemen,154,1021.25,2025-09-18
Puerto Rico,Puerto Rico,155,1020.44,2025-09-18
Moldova,Moldova,156,1019.2,2025-09-18
Tahiti,Tahiti,157,1019.04,2025-09-18
Singapore,Singapore,158,1013.34,2025-09-18
Eswatini,Eswatini,159,1010.06,2025-09-18
Myanmar,Myanmar,160,1004.15,2025-09-18
Afghanistan,Afghanistan,161,998.88,2025-09-18
Antigua and Barbuda,Antigua and Barbuda,162,992.38,2025-09-18
Vanuatu,Vanuatu,163,991.59,2025-09-18
St. Lucia,St Lucia,164,990.69,2025-09-18
Bermuda,Bermuda,165,988.72,2025-09-18
Malta,Malta,166,982.43,2025-09-18
Cuba,Cuba,167,980.33,2025-09-18
Grenada,Grenada,168,978.4,2025-09-18
South Sudan,South Sudan,169,976.56,2025-09-18
Papua New Guinea,Papua New Guinea,170,969.17,2025-09-18
Maldives,Maldives,171,968.59,2025-09-18
St. Vincent and the Grenadines,St Vincent and the Grenadines,172,962.43,2025-09-18
Taiwan,Chinese Taipei,173,960.81,2025-09-18
Andorra,Andorra,174,954.68,2025-09-18
Chad,Chad,175,925.82,2025-09-18
Nepal,Nepal,176,923.02,2025-09-18
Barbados,Barbados,177,919.97,2025-09-18
Montserrat,Montserrat,178,916.75,2025-09-18
Mauritius,Mauritius,179,912.24,2025-09-18
Cambodia,Cambodia,180,910.21,2025-09-18
Belize,Belize,181,904.45,2025-09-18
Dominica,Dominica,182,901.37,2025-09-18
Brunei,Brunei Darussalam,183,900.62,2025-09-18
Bangladesh,Bangladesh,184,899.24,2025-09-18
Laos,Laos,185,890.35,2025-09-18
Bhutan,Bhutan,186,888.94,2025-09-18
American Samoa,American Samoa,187,883.17,2025-09-18
Mongolia,Mongolia,188,879.75,2025-09-18
Cook Islands,Cook Islands,189,877.53,2025-09-18
Samoa,Samoa,190,876.41,2025-09-18
Macau,Macau,191,865.29,2025-09-18
Aruba,Aruba,192,861.16,2025-09-18
Djibouti,Djibouti,193,855.91,2025-09-18
Timor-Leste,Timor-Leste,194,855.36,2025-09-18
São Tomé and Príncipe,São Tomé and Príncipe,195,854.76,2025-09-18
Cayman Islands,Cayman Islands,196,853.37,2025-09-18
Sri Lanka,Sri Lanka,197,852.3,2025-09-18
Tonga,Tonga,198,835.64,2025-09-18
Pakistan,Pakistan,199,829.41,2025-09-18
Gibraltar,Gibraltar,200,827.19,2025-09-18
Somalia,Somalia,201,824.76,2025-09-18
Guam,Guam,202,823.08,2025-09-18
Seychelles,Seychelles,203,812.32,2025-09-18
Liechtenstein,Liechtenstein,204,808.48,2025-09-18
Bahamas,Bahamas,205,807.36,2025-09-18
Turks and Caicos Islands,Turks and Caicos Islands,206,803.98,2025-09-18
US Virgin Islands,US Virgin Islands,207,779.71,2025-09-18
British Virgin Islands,British Virgin Islands,208,768.5,2025-09-18
Anguilla,Anguilla,209,758.52,2025-09-18
San Marino,San Marino,210,733.23,2025-09-18
