date,home_team,away_team,home_goals,away_goals,tournament,stage,round,group,status,winner,neutral
2022-11-20,Qatar,Ecuador,0,2,FIFA World Cup,group,Matchday 1,Group A,finished,away,TRUE
2022-11-21,Senegal,Netherlands,0,2,FIFA World Cup,group,Matchday 2,Group A,finished,away,TRUE
2022-11-25,Qatar,Senegal,1,3,FIFA World Cup,group,Matchday 6,Group A,finished,away,TRUE
2022-11-25,Netherlands,Ecuador,1,1,FIFA World Cup,group,Matchday 6,Group A,finished,draw,TRUE
2022-11-29,Ecuador,Senegal,1,2,FIFA World Cup,group,Matchday 10,Group A,finished,away,TRUE
2022-11-29,Netherlands,Qatar,2,0,FIFA World Cup,group,Matchday 10,Group A,finished,home,TRUE
2022-11-21,England,Iran,6,2,FIFA World Cup,group,Matchday 2,Group B,finished,home,TRUE
2022-11-21,USA,Wales,1,1,FIFA World Cup,group,Matchday 2,Group B,finished,draw,TRUE
2022-11-25,Wales,Iran,0,2,FIFA World Cup,group,Matchday 6,Group B,finished,away,TRUE
2022-11-25,England,USA,0,0,FIFA World Cup,group,Matchday 6,Group B,finished,draw,TRUE
2022-11-29,Wales,England,0,3,FIFA World Cup,group,Matchday 10,Group B,finished,away,TRUE
2022-11-29,Iran,USA,0,1,FIFA World Cup,group,Matchday 10,Group B,finished,away,TRUE
2022-11-22,Argentina,Saudi Arabia,1,2,FIFA World Cup,group,Matchday 3,Group C,finished,away,TRUE
2022-11-22,Mexico,Poland,0,0,FIFA World Cup,group,Matchday 3,Group C,finished,draw,TRUE
2022-11-26,Poland,Saudi Arabia,2,0,FIFA World Cup,group,Matchday 7,Group C,finished,home,TRUE
2022-11-26,Argentina,Mexico,2,0,FIFA World Cup,group,Matchday 7,Group C,finished,home,TRUE
2022-11-30,Poland,Argentina,0,2,FIFA World Cup,group,Matchday 11,Group C,finished,away,TRUE
2022-11-30,Saudi Arabia,Mexico,1,2,FIFA World Cup,group,Matchday 11,Group C,finished,away,TRUE
2022-11-22,Denmark,Tunisia,0,0,FIFA World Cup,group,Matchday 3,Group D,finished,draw,TRUE
2022-11-22,France,Australia,4,1,FIFA World Cup,group,Matchday 3,Group D,finished,home,TRUE
2022-11-26,Tunisia,Australia,0,1,FIFA World Cup,group,Matchday 7,Group D,finished,away,TRUE
2022-11-26,France,Denmark,2,1,FIFA World Cup,group,Matchday 7,Group D,finished,home,TRUE
2022-11-30,Australia,Denmark,1,0,FIFA World Cup,group,Matchday 11,Group D,finished,home,TRUE
2022-11-30,Tunisia,France,1,0,FIFA World Cup,group,Matchday 11,Group D,finished,home,TRUE
2022-11-23,Germany,Japan,1,2,FIFA World Cup,group,Matchday 4,Group E,finished,away,TRUE
2022-11-23,Spain,Costa Rica,7,0,FIFA World Cup,group,Matchday 4,Group E,finished,home,TRUE
2022-11-27,Japan,Costa Rica,0,1,FIFA World Cup,group,Matchday 8,Group E,finished,away,TRUE
2022-11-27,Spain,Germany,1,1,FIFA World Cup,group,Matchday 8,Group E,finished,draw,TRUE
2022-12-01,Japan,Spain,2,1,FIFA World Cup,group,Matchday 12,Group E,finished,home,TRUE
2022-12-01,Costa Rica,Germany,2,4,FIFA World Cup,group,Matchday 12,Group E,finished,away,TRUE
2022-11-23,Morocco,Croatia,0,0,FIFA World Cup,group,Matchday 4,Group F,finished,draw,TRUE
2022-11-23,Belgium,Canada,1,0,FIFA World Cup,group,Matchday 4,Group F,finished,home,TRUE
2022-11-27,Belgium,Morocco,0,2,FIFA World Cup,group,Matchday 8,Group F,finished,away,TRUE
2022-11-27,Croatia,Canada,4,1,FIFA World Cup,group,Matchday 8,Group F,finished,home,TRUE
2022-12-01,Croatia,Belgium,0,0,FIFA World Cup,group,Matchday 12,Group F,finished,draw,TRUE
2022-12-01,Canada,Morocco,1,2,FIFA World Cup,group,Matchday 12,Group F,finished,away,TRUE
2022-11-24,Switzerland,Cameroon,1,0,FIFA World Cup,group,Matchday 5,Group G,finished,home,TRUE
2022-11-24,Brazil,Serbia,2,0,FIFA World Cup,group,Matchday 5,Group G,finished,home,TRUE
2022-11-28,Cameroon,Serbia,3,3,FIFA World Cup,group,Matchday 9,Group G,finished,draw,TRUE
2022-11-28,Brazil,Switzerland,1,0,FIFA World Cup,group,Matchday 9,Group G,finished,home,TRUE
2022-12-02,Serbia,Switzerland,2,3,FIFA World Cup,group,Matchday 13,Group G,finished,away,TRUE
2022-12-02,Cameroon,Brazil,1,0,FIFA World Cup,group,Matchday 13,Group G,finished,home,TRUE
2022-11-24,Uruguay,South Korea,0,0,FIFA World Cup,group,Matchday 5,Group H,finished,draw,TRUE
2022-11-24,Portugal,Ghana,3,2,FIFA World Cup,group,Matchday 5,Group H,finished,home,TRUE
2022-11-28,South Korea,Ghana,2,3,FIFA World Cup,group,Matchday 9,Group H,finished,away,TRUE
2022-11-28,Portugal,Uruguay,2,0,FIFA World Cup,group,Matchday 9,Group H,finished,home,TRUE
2022-12-02,Ghana,Uruguay,0,2,FIFA World Cup,group,Matchday 13,Group H,finished,away,TRUE
2022-12-02,South Korea,Portugal,2,1,FIFA World Cup,group,Matchday 13,Group H,finished,home,TRUE
2022-12-03,Netherlands,USA,3,1,FIFA World Cup,knockout,Round of 16,,finished,home,TRUE
2022-12-03,Argentina,Australia,2,1,FIFA World Cup,knockout,Round of 16,,finished,home,TRUE
2022-12-04,France,Poland,3,1,FIFA World Cup,knockout,Round of 16,,finished,home,TRUE
2022-12-04,England,Senegal,3,0,FIFA World Cup,knockout,Round of 16,,finished,home,TRUE
2022-12-05,Japan,Croatia,1,1,FIFA World Cup,knockout,Round of 16,,finished,away,TRUE
2022-12-05,Brazil,South Korea,4,1,FIFA World Cup,knockout,Round of 16,,finished,home,TRUE
2022-12-06,Morocco,Spain,0,0,FIFA World Cup,knockout,Round of 16,,finished,home,TRUE
2022-12-06,Portugal,Switzerland,6,1,FIFA World Cup,knockout,Round of 16,,finished,home,TRUE
2022-12-09,Croatia,Brazil,0,0,FIFA World Cup,knockout,Quarter-finals,,finished,home,TRUE
2022-12-09,Netherlands,Argentina,2,2,FIFA World Cup,knockout,Quarter-finals,,finished,away,TRUE
2022-12-10,Morocco,Portugal,1,0,FIFA World Cup,knockout,Quarter-finals,,finished,home,TRUE
2022-12-10,England,France,1,2,FIFA World Cup,knockout,Quarter-finals,,finished,away,TRUE
2022-12-13,Argentina,Croatia,3,0,FIFA World Cup,knockout,Semi-finals,,finished,home,TRUE
2022-12-14,France,Morocco,2,0,FIFA World Cup,knockout,Semi-finals,,finished,home,TRUE
2022-12-17,Croatia,Morocco,2,1,FIFA World Cup,knockout,Match for third place,,finished,home,TRUE
2022-12-18,Argentina,France,2,2,FIFA World Cup,knockout,Final,,finished,home,TRUE
